平台商品名稱,平台,主貨號,貨號
"超輕薄涼爽無痕零觸感！高品質舒適彈力冰絲四角內褲[黑色, L ➜建議70-75KG]",官網,,HME03001-BK-L
"超輕薄涼爽無痕零觸感！高品質舒適彈力冰絲四角內褲[白色, L ➜建議70-75KG]",官網,,HME03001-WH-L
"超輕薄涼爽無痕零觸感！高品質舒適彈力冰絲四角內褲[白色, M ➜建議60-65KG]",官網,,HME03001-WH-M
"超輕薄涼爽無痕零觸感！高品質舒適彈力冰絲四角內褲[灰色, M ➜建議60-65KG]",官網,,HME03001-GY-M
"超輕薄涼爽無痕零觸感！高品質舒適彈力冰絲四角內褲[酒紅色, M ➜建議60-65KG]",官網,,HME03001-RD-M
"超輕薄涼爽無痕零觸感！高品質舒適彈力冰絲四角內褲[黑色, M ➜建議60-65KG]",官網,,HME03001-BK-M
"超輕薄涼爽無痕零觸感！高品質舒適彈力冰絲四角內褲[藏藍色, M ➜建議60-65KG]",官網,,HME03001-DN-M
"真好穿🌷不捲邊不夾臀🍑裸感60S莫代爾超舒適加寬邊中高腰內褲三角褲[灰湖綠, M]",官網,,HFE03002-GN-M
"真好穿🌷不捲邊不夾臀🍑裸感60S莫代爾超舒適加寬邊中高腰內褲三角褲[紫羅蘭, M]",官網,,HFE03002-PU-M
"真好穿🌷不捲邊不夾臀🍑裸感60S莫代爾超舒適加寬邊中高腰內褲三角褲[煙粉色, M]",官網,,HFE03002-PK-M
"真好穿🌷不捲邊不夾臀🍑裸感60S莫代爾超舒適加寬邊中高腰內褲三角褲[米咖色, M]",官網,,HFE03002-BG-M
"超柔順莫代爾棉☁️高質感彩紗條紋男性四角內褲[【素色】黑灰色, XL ➜建議80-85KG]",官網,,HME03002-SO-BK-XL
"[台灣冠軍🏆爆賣30萬件]冰絲內褲 男內褲 涼感內褲 男士內褲 平口褲[寶藍色,L ➜建議70-75KG]",露天,,HME03001-PB-L
"[台灣冠軍🏆爆賣30萬件]冰絲內褲 男內褲 涼感內褲 男士內褲 平口褲[藏藍色,L ➜建議70-75KG]",露天,,HME03001-DN-L
"[台灣冠軍🏆爆賣30萬件]冰絲內褲 男內褲 涼感內褲 男士內褲 平口褲[黑色,L ➜建議70-75KG]",露天,,HME03001-BK-L
"[台灣冠軍🏆爆賣30萬件]冰絲內褲 男內褲 涼感內褲 男士內褲 平口褲[白色,L ➜建議70-75KG]",露天,,HME03001-WH-L
"[台灣冠軍🏆爆賣30萬件]冰絲內褲 男內褲 涼感內褲 男士內褲 平口褲[咖啡色,L ➜建議70-75KG]",露天,,HME03001-BR-L
"[台灣冠軍🏆爆賣30萬件]冰絲內褲 男內褲 涼感內褲 男士內褲 平口褲[寶藍色,XL ➜建議80-85KG]",露天,,HME03001-PB-XL
"[台灣冠軍🏆爆賣30萬件]冰絲內褲 男內褲 涼感內褲 男士內褲 平口褲[咖啡色,XL ➜建議80-85KG]",露天,,HME03001-BR-XL
"[台灣冠軍🏆爆賣30萬件]冰絲內褲 男內褲 涼感內褲 男士內褲 平口褲[酒紅色,XL ➜建議80-85KG]",露天,,HME03001-RD-XL
"[台灣冠軍🏆爆賣30萬件]冰絲內褲 男內褲 涼感內褲 男士內褲 平口褲[藏藍色,XL ➜建議80-85KG]",露天,,HME03001-DN-XL
"[台灣冠軍🏆爆賣30萬件]冰絲內褲 男內褲 涼感內褲 男士內褲 平口褲[紫色,XL ➜建議80-85KG]",露天,,HME03001-PU-XL
"[台灣冠軍🏆爆賣30萬件]冰絲內褲 男內褲 涼感內褲 男士內褲 平口褲[灰色,XL ➜建議80-85KG]",露天,,HME03001-GY-XL
"[台灣冠軍🏆爆賣30萬件]冰絲內褲 男內褲 涼感內褲 男士內褲 平口褲[白色,XL ➜建議80-85KG]",露天,,HME03001-WH-XL
"新品限時優惠❇️秋冬萬用打底衣🍁柔軟高彈莫代爾內搭長袖上衣｜長袖T恤 圓領上衣 高領 翻領 長T 內搭衣 長袖TEE[白色｜高領,L]",露天,,HFA02001-WH_TN-L
"新品限時優惠❇️秋冬萬用打底衣🍁柔軟高彈莫代爾內搭長袖上衣｜長袖T恤 圓領上衣 高領 翻領 長T 內搭衣 長袖TEE[白色｜圓領,L]",露天,,HFA02001-WH_CN-L
"超舒適零觸感❄夏季涼爽高彈力純棉中腰無痕冰絲三角褲｜高彈力材料｜通過SGS認證｜內褲｜三角內褲｜女士內褲｜台灣現貨[白色,L]",露天,,HFE03001-WH-L
